Name,Checkbox,Database Epic
Analyse and Understand the Requirements,Yes,Requirement Analysis (https://app.notion.com/p/Requirement-Analysis-3f1daff8fbc2800faa64c7fdbbcb3b67?pvs=21)
Draw the Data Architecture (draw.io),Yes,Design Data Architecture (https://app.notion.com/p/Design-Data-Architecture-3f1daff8fbc2805f9640cb6077ad6a40?pvs=21)
Create detailed Project Tasks (Notions),Yes,Project Initialization (https://app.notion.com/p/Project-Initialization-3f1daff8fbc2806a972fe1276e1a28ef?pvs=21)
create databases and schemas,Yes,Project Initialization (https://app.notion.com/p/Project-Initialization-3f1daff8fbc2806a972fe1276e1a28ef?pvs=21)
Design the Layers,Yes,Design Data Architecture (https://app.notion.com/p/Design-Data-Architecture-3f1daff8fbc2805f9640cb6077ad6a40?pvs=21)
Choose Data Management Approach,Yes,Design Data Architecture (https://app.notion.com/p/Design-Data-Architecture-3f1daff8fbc2805f9640cb6077ad6a40?pvs=21)
Create Git Repo and prepare the repo Structure,Yes,Project Initialization (https://app.notion.com/p/Project-Initialization-3f1daff8fbc2806a972fe1276e1a28ef?pvs=21)
Define Project Naming Converntions,Yes,Project Initialization (https://app.notion.com/p/Project-Initialization-3f1daff8fbc2806a972fe1276e1a28ef?pvs=21)
Analysing:Source Systems,Yes,Build Bronze layer (https://app.notion.com/p/Build-Bronze-layer-3f2daff8fbc28013805ccc4a5430e972?pvs=21)
Coding: Data Ingestion,Yes,Build Bronze layer (https://app.notion.com/p/Build-Bronze-layer-3f2daff8fbc28013805ccc4a5430e972?pvs=21)
Validating: Data Completeness & Schema checks,Yes,Build Bronze layer (https://app.notion.com/p/Build-Bronze-layer-3f2daff8fbc28013805ccc4a5430e972?pvs=21)
Document:Draw Data flow (Draw.io,Yes,Build Bronze layer (https://app.notion.com/p/Build-Bronze-layer-3f2daff8fbc28013805ccc4a5430e972?pvs=21)
Commit Code in Git Repo,Yes,Build Bronze layer (https://app.notion.com/p/Build-Bronze-layer-3f2daff8fbc28013805ccc4a5430e972?pvs=21)
Analysing: Explore & Understanding Data,Yes,Build Silver Layer (https://app.notion.com/p/Build-Silver-Layer-3f2daff8fbc280579be7c92ed5b4607f?pvs=21)
" Draw data integration model (draw.io)",Yes,Build Silver Layer (https://app.notion.com/p/Build-Silver-Layer-3f2daff8fbc280579be7c92ed5b4607f?pvs=21)
Validating : Data Correctness Check,Yes,Build Silver Layer (https://app.notion.com/p/Build-Silver-Layer-3f2daff8fbc280579be7c92ed5b4607f?pvs=21)
Document: Extend Data FLOW(draw.io),Yes,Build Silver Layer (https://app.notion.com/p/Build-Silver-Layer-3f2daff8fbc280579be7c92ed5b4607f?pvs=21)
Commit Code in Git Repo,Yes,Build Silver Layer (https://app.notion.com/p/Build-Silver-Layer-3f2daff8fbc280579be7c92ed5b4607f?pvs=21)
Analysing: Explote Business Ojbects,Yes,Build Gold Layer (https://app.notion.com/p/Build-Gold-Layer-3f2daff8fbc280e7b427cc7dfe4f36bf?pvs=21)
Coding: Data Integration,Yes,Build Gold Layer (https://app.notion.com/p/Build-Gold-Layer-3f2daff8fbc280e7b427cc7dfe4f36bf?pvs=21)
Validating: Data Integration Checks,Yes,Build Gold Layer (https://app.notion.com/p/Build-Gold-Layer-3f2daff8fbc280e7b427cc7dfe4f36bf?pvs=21)
Document: Draw Data Model of Star Schema (Draw.io),Yes,Build Gold Layer (https://app.notion.com/p/Build-Gold-Layer-3f2daff8fbc280e7b427cc7dfe4f36bf?pvs=21)
Document: Create Data Catalog,Yes,Build Gold Layer (https://app.notion.com/p/Build-Gold-Layer-3f2daff8fbc280e7b427cc7dfe4f36bf?pvs=21)
Coding: Data Cleansing,Yes,Build Silver Layer (https://app.notion.com/p/Build-Silver-Layer-3f2daff8fbc280579be7c92ed5b4607f?pvs=21)
Document:Extend Data Flow (draw.io),Yes,Build Gold Layer (https://app.notion.com/p/Build-Gold-Layer-3f2daff8fbc280e7b427cc7dfe4f36bf?pvs=21)
Commit Code in Git Repo,Yes,Build Gold Layer (https://app.notion.com/p/Build-Gold-Layer-3f2daff8fbc280e7b427cc7dfe4f36bf?pvs=21)